method,path,shape,dtype,device,logical_bytes,storage_ptr,storage_offset,unique_physical_bytes,alias_of,persistent,algorithm_state
FedBuff,FedBuff.algorithm_state.fedbuff.last_aggregate.weight,"(10000,)",torch.float32,cpu,40000,94676663453632,0,40000,,True,True
CA2FL,CA2FL.algorithm_state.cache[0].weight,"(10000,)",torch.float32,cpu,40000,94676663495552,0,40000,,True,True
CA2FL,CA2FL.algorithm_state.cache[1].weight,"(10000,)",torch.float32,cpu,40000,94676663550144,0,40000,,True,True
CA2FL,CA2FL.algorithm_state.cache[2].weight,"(10000,)",torch.float32,cpu,40000,94676661443584,0,40000,,True,True
CA2FL,CA2FL.algorithm_state.cache[3].weight,"(10000,)",torch.float32,cpu,40000,94676663752576,0,40000,,True,True
CA2FL,CA2FL.algorithm_state.cache[4].weight,"(10000,)",torch.float32,cpu,40000,94676663607872,0,40000,,True,True
CA2FL,CA2FL.algorithm_state.cache[5].weight,"(10000,)",torch.float32,cpu,40000,94676663648000,0,40000,,True,True
CA2FL,CA2FL.algorithm_state.cache[6].weight,"(10000,)",torch.float32,cpu,40000,94676663832704,0,40000,,True,True
CA2FL,CA2FL.algorithm_state.cache[7].weight,"(10000,)",torch.float32,cpu,40000,94676663872832,0,40000,,True,True
CA2FL,CA2FL.algorithm_state.cache[8].weight,"(10000,)",torch.float32,cpu,40000,94676663316736,0,40000,,True,True
CA2FL,CA2FL.algorithm_state.cache[9].weight,"(10000,)",torch.float32,cpu,40000,94676663356800,0,40000,,True,True
CA2FL,CA2FL.algorithm_state.cache[10].weight,"(10000,)",torch.float32,cpu,40000,94676664631360,0,40000,,True,True
CA2FL,CA2FL.algorithm_state.cache[11].weight,"(10000,)",torch.float32,cpu,40000,94676664671424,0,40000,,True,True
CA2FL,CA2FL.algorithm_state.cache[12].weight,"(10000,)",torch.float32,cpu,40000,94676664711488,0,40000,,True,True
CA2FL,CA2FL.algorithm_state.cache[13].weight,"(10000,)",torch.float32,cpu,40000,94676664751552,0,40000,,True,True
CA2FL,CA2FL.algorithm_state.cache[14].weight,"(10000,)",torch.float32,cpu,40000,94676664143936,0,40000,,True,True
CA2FL,CA2FL.algorithm_state.cache[15].weight,"(10000,)",torch.float32,cpu,40000,94676664184000,0,40000,,True,True
CA2FL,CA2FL.algorithm_state.cache[16].weight,"(10000,)",torch.float32,cpu,40000,94676664224064,0,40000,,True,True
CA2FL,CA2FL.algorithm_state.cache[17].weight,"(10000,)",torch.float32,cpu,40000,94676664264128,0,40000,,True,True
CA2FL,CA2FL.algorithm_state.cache[18].weight,"(10000,)",torch.float32,cpu,40000,94676664304192,0,40000,,True,True
CA2FL,CA2FL.algorithm_state.cache[19].weight,"(10000,)",torch.float32,cpu,40000,94676664829696,0,40000,,True,True
CA2FL,CA2FL.algorithm_state.cache[20].weight,"(10000,)",torch.float32,cpu,40000,94676664869760,0,40000,,True,True
CA2FL,CA2FL.algorithm_state.cache[21].weight,"(10000,)",torch.float32,cpu,40000,94676664909824,0,40000,,True,True
CA2FL,CA2FL.algorithm_state.cache[22].weight,"(10000,)",torch.float32,cpu,40000,94676664949888,0,40000,,True,True
CA2FL,CA2FL.algorithm_state.cache[23].weight,"(10000,)",torch.float32,cpu,40000,94676664989952,0,40000,,True,True
CA2FL,CA2FL.algorithm_state.cache[24].weight,"(10000,)",torch.float32,cpu,40000,94676663926912,0,40000,,True,True
CA2FL,CA2FL.algorithm_state.cache[25].weight,"(10000,)",torch.float32,cpu,40000,94676663966976,0,40000,,True,True
CA2FL,CA2FL.algorithm_state.cache[26].weight,"(10000,)",torch.float32,cpu,40000,94676664007040,0,40000,,True,True
CA2FL,CA2FL.algorithm_state.cache[27].weight,"(10000,)",torch.float32,cpu,40000,94676664047104,0,40000,,True,True
CA2FL,CA2FL.algorithm_state.cache[28].weight,"(10000,)",torch.float32,cpu,40000,94676664087168,0,40000,,True,True
CA2FL,CA2FL.algorithm_state.cache[29].weight,"(10000,)",torch.float32,cpu,40000,94676664350208,0,40000,,True,True
CA2FL,CA2FL.algorithm_state.cache[30].weight,"(10000,)",torch.float32,cpu,40000,94676664390336,0,40000,,True,True
CA2FL,CA2FL.algorithm_state.cache[31].weight,"(10000,)",torch.float32,cpu,40000,94676664430464,0,40000,,True,True
CA2FL,CA2FL.algorithm_state.cache[32].weight,"(10000,)",torch.float32,cpu,40000,94676664470592,0,40000,,True,True
CA2FL,CA2FL.algorithm_state.cache[33].weight,"(10000,)",torch.float32,cpu,40000,94676664510720,0,40000,,True,True
CA2FL,CA2FL.algorithm_state.cache[34].weight,"(10000,)",torch.float32,cpu,40000,94676664550848,0,40000,,True,True
CA2FL,CA2FL.algorithm_state.cache[35].weight,"(10000,)",torch.float32,cpu,40000,94676665033664,0,40000,,True,True
CA2FL,CA2FL.algorithm_state.cache[36].weight,"(10000,)",torch.float32,cpu,40000,94676665073728,0,40000,,True,True
CA2FL,CA2FL.algorithm_state.cache[37].weight,"(10000,)",torch.float32,cpu,40000,94676665113792,0,40000,,True,True
CA2FL,CA2FL.algorithm_state.cache[38].weight,"(10000,)",torch.float32,cpu,40000,94676665153856,0,40000,,True,True
CA2FL,CA2FL.algorithm_state.cache[39].weight,"(10000,)",torch.float32,cpu,40000,94676665193920,0,40000,,True,True
CA2FL,CA2FL.algorithm_state.cache[40].weight,"(10000,)",torch.float32,cpu,40000,94676665233984,0,40000,,True,True
CA2FL,CA2FL.algorithm_state.cache[41].weight,"(10000,)",torch.float32,cpu,40000,94676665274048,0,40000,,True,True
CA2FL,CA2FL.algorithm_state.cache[42].weight,"(10000,)",torch.float32,cpu,40000,94676665314112,0,40000,,True,True
CA2FL,CA2FL.algorithm_state.cache[43].weight,"(10000,)",torch.float32,cpu,40000,94676665354176,0,40000,,True,True
CA2FL,CA2FL.algorithm_state.cache[44].weight,"(10000,)",torch.float32,cpu,40000,94676665410688,0,40000,,True,True
CA2FL,CA2FL.algorithm_state.cache[45].weight,"(10000,)",torch.float32,cpu,40000,94676665450816,0,40000,,True,True
CA2FL,CA2FL.algorithm_state.cache[46].weight,"(10000,)",torch.float32,cpu,40000,94676665490944,0,40000,,True,True
CA2FL,CA2FL.algorithm_state.cache[47].weight,"(10000,)",torch.float32,cpu,40000,94676665531072,0,40000,,True,True
CA2FL,CA2FL.algorithm_state.cache[48].weight,"(10000,)",torch.float32,cpu,40000,94676665571200,0,40000,,True,True
CA2FL,CA2FL.algorithm_state.cache[49].weight,"(10000,)",torch.float32,cpu,40000,94676665611328,0,40000,,True,True
CA2FL,CA2FL.algorithm_state.cache[50].weight,"(10000,)",torch.float32,cpu,40000,94676665651456,0,40000,,True,True
CA2FL,CA2FL.algorithm_state.cache[51].weight,"(10000,)",torch.float32,cpu,40000,94676665691584,0,40000,,True,True
CA2FL,CA2FL.algorithm_state.cache[52].weight,"(10000,)",torch.float32,cpu,40000,94676665731712,0,40000,,True,True
CA2FL,CA2FL.algorithm_state.cache[53].weight,"(10000,)",torch.float32,cpu,40000,94676665771840,0,40000,,True,True
CA2FL,CA2FL.algorithm_state.cache[54].weight,"(10000,)",torch.float32,cpu,40000,94676665811968,0,40000,,True,True
CA2FL,CA2FL.algorithm_state.cache[55].weight,"(10000,)",torch.float32,cpu,40000,94676665852096,0,40000,,True,True
CA2FL,CA2FL.algorithm_state.cache[56].weight,"(10000,)",torch.float32,cpu,40000,94676665892224,0,40000,,True,True
CA2FL,CA2FL.algorithm_state.cache[57].weight,"(10000,)",torch.float32,cpu,40000,94676665932352,0,40000,,True,True
CA2FL,CA2FL.algorithm_state.cache[58].weight,"(10000,)",torch.float32,cpu,40000,94676665972480,0,40000,,True,True
CA2FL,CA2FL.algorithm_state.cache[59].weight,"(10000,)",torch.float32,cpu,40000,94676666012608,0,40000,,True,True
CA2FL,CA2FL.algorithm_state.cache[60].weight,"(10000,)",torch.float32,cpu,40000,94676666052736,0,40000,,True,True
CA2FL,CA2FL.algorithm_state.cache[61].weight,"(10000,)",torch.float32,cpu,40000,94676666092864,0,40000,,True,True
CA2FL,CA2FL.algorithm_state.cache[62].weight,"(10000,)",torch.float32,cpu,40000,94676666132992,0,40000,,True,True
CA2FL,CA2FL.algorithm_state.cache[63].weight,"(10000,)",torch.float32,cpu,40000,94676666173120,0,40000,,True,True
CA2FL,CA2FL.algorithm_state.cache[64].weight,"(10000,)",torch.float32,cpu,40000,94676666213248,0,40000,,True,True
CA2FL,CA2FL.algorithm_state.cache[65].weight,"(10000,)",torch.float32,cpu,40000,94676666253376,0,40000,,True,True
CA2FL,CA2FL.algorithm_state.cache[66].weight,"(10000,)",torch.float32,cpu,40000,94676666293504,0,40000,,True,True
CA2FL,CA2FL.algorithm_state.cache[67].weight,"(10000,)",torch.float32,cpu,40000,94676666333632,0,40000,,True,True
CA2FL,CA2FL.algorithm_state.cache[68].weight,"(10000,)",torch.float32,cpu,40000,94676666373760,0,40000,,True,True
CA2FL,CA2FL.algorithm_state.cache[69].weight,"(10000,)",torch.float32,cpu,40000,94676666413888,0,40000,,True,True
CA2FL,CA2FL.algorithm_state.cache[70].weight,"(10000,)",torch.float32,cpu,40000,94676666454016,0,40000,,True,True
CA2FL,CA2FL.algorithm_state.cache[71].weight,"(10000,)",torch.float32,cpu,40000,94676666494144,0,40000,,True,True
CA2FL,CA2FL.algorithm_state.cache[72].weight,"(10000,)",torch.float32,cpu,40000,94676666534272,0,40000,,True,True
CA2FL,CA2FL.algorithm_state.cache[73].weight,"(10000,)",torch.float32,cpu,40000,94676666574400,0,40000,,True,True
CA2FL,CA2FL.algorithm_state.cache[74].weight,"(10000,)",torch.float32,cpu,40000,94676666614528,0,40000,,True,True
CA2FL,CA2FL.algorithm_state.cache[75].weight,"(10000,)",torch.float32,cpu,40000,94676666654656,0,40000,,True,True
CA2FL,CA2FL.algorithm_state.cache[76].weight,"(10000,)",torch.float32,cpu,40000,94676666694784,0,40000,,True,True
CA2FL,CA2FL.algorithm_state.cache[77].weight,"(10000,)",torch.float32,cpu,40000,94676666734912,0,40000,,True,True
CA2FL,CA2FL.algorithm_state.cache[78].weight,"(10000,)",torch.float32,cpu,40000,94676666775040,0,40000,,True,True
CA2FL,CA2FL.algorithm_state.cache[79].weight,"(10000,)",torch.float32,cpu,40000,94676666815168,0,40000,,True,True
CA2FL,CA2FL.algorithm_state.cache[80].weight,"(10000,)",torch.float32,cpu,40000,94676666855296,0,40000,,True,True
CA2FL,CA2FL.algorithm_state.cache[81].weight,"(10000,)",torch.float32,cpu,40000,94676666895424,0,40000,,True,True
CA2FL,CA2FL.algorithm_state.cache[82].weight,"(10000,)",torch.float32,cpu,40000,94676666935552,0,40000,,True,True
CA2FL,CA2FL.algorithm_state.cache[83].weight,"(10000,)",torch.float32,cpu,40000,94676666975680,0,40000,,True,True
CA2FL,CA2FL.algorithm_state.cache[84].weight,"(10000,)",torch.float32,cpu,40000,94676667015808,0,40000,,True,True
CA2FL,CA2FL.algorithm_state.cache[85].weight,"(10000,)",torch.float32,cpu,40000,94676667055936,0,40000,,True,True
CA2FL,CA2FL.algorithm_state.cache[86].weight,"(10000,)",torch.float32,cpu,40000,94676667096064,0,40000,,True,True
CA2FL,CA2FL.algorithm_state.cache[87].weight,"(10000,)",torch.float32,cpu,40000,94676667136192,0,40000,,True,True
CA2FL,CA2FL.algorithm_state.cache[88].weight,"(10000,)",torch.float32,cpu,40000,94676667176320,0,40000,,True,True
CA2FL,CA2FL.algorithm_state.cache[89].weight,"(10000,)",torch.float32,cpu,40000,94676667216448,0,40000,,True,True
CA2FL,CA2FL.algorithm_state.cache[90].weight,"(10000,)",torch.float32,cpu,40000,94676667256576,0,40000,,True,True
CA2FL,CA2FL.algorithm_state.cache[91].weight,"(10000,)",torch.float32,cpu,40000,94676667296704,0,40000,,True,True
CA2FL,CA2FL.algorithm_state.cache[92].weight,"(10000,)",torch.float32,cpu,40000,94676667336832,0,40000,,True,True
CA2FL,CA2FL.algorithm_state.cache[93].weight,"(10000,)",torch.float32,cpu,40000,94676667376960,0,40000,,True,True
CA2FL,CA2FL.algorithm_state.cache[94].weight,"(10000,)",torch.float32,cpu,40000,94676667417088,0,40000,,True,True
CA2FL,CA2FL.algorithm_state.cache[95].weight,"(10000,)",torch.float32,cpu,40000,94676667457216,0,40000,,True,True
CA2FL,CA2FL.algorithm_state.cache[96].weight,"(10000,)",torch.float32,cpu,40000,94676667497344,0,40000,,True,True
CA2FL,CA2FL.algorithm_state.cache[97].weight,"(10000,)",torch.float32,cpu,40000,94676667537472,0,40000,,True,True
CA2FL,CA2FL.algorithm_state.cache[98].weight,"(10000,)",torch.float32,cpu,40000,94676667577600,0,40000,,True,True
CA2FL,CA2FL.algorithm_state.cache[99].weight,"(10000,)",torch.float32,cpu,40000,94676667617728,0,40000,,True,True
CA2FL,CA2FL.algorithm_state.cache_mean.weight,"(10000,)",torch.float32,cpu,40000,94676667657856,0,40000,,True,True
DirBridge,DirBridge.algorithm_state.group_cache[0].weight,"(10000,)",torch.float32,cpu,40000,94676667818240,0,40000,,True,True
DirBridge,DirBridge.algorithm_state.group_cache[1].weight,"(10000,)",torch.float32,cpu,40000,94676667858368,0,40000,,True,True
DirBridge,DirBridge.algorithm_state.group_cache[2].weight,"(10000,)",torch.float32,cpu,40000,94676667898496,0,40000,,True,True
DirBridge,DirBridge.algorithm_state.group_cache[3].weight,"(10000,)",torch.float32,cpu,40000,94676667938624,0,40000,,True,True
DirBridge,DirBridge.algorithm_state.group_cache[4].weight,"(10000,)",torch.float32,cpu,40000,94676667978752,0,40000,,True,True
DirBridge,DirBridge.algorithm_state.group_cache[5].weight,"(10000,)",torch.float32,cpu,40000,94676668018880,0,40000,,True,True
DirBridge,DirBridge.algorithm_state.group_cache[6].weight,"(10000,)",torch.float32,cpu,40000,94676668059008,0,40000,,True,True
DirBridge,DirBridge.algorithm_state.client_features,"(100, 2048)",torch.float32,cpu,819200,94676668099136,0,819200,,True,True
DirBridge,DirBridge.algorithm_state.group_centroids,"(7, 2048)",torch.float32,cpu,57344,94676668918464,0,57344,,True,True
DirBridge,DirBridge.algorithm_state.group_ids,"(100,)",torch.int64,cpu,800,94676663254912,0,800,,True,True
DirBridge,DirBridge.algorithm_state.group_counts,"(7,)",torch.int64,cpu,56,94676664344960,0,56,,True,True
DirBridge,DirBridge.algorithm_state.count_sketch_bucket[0],"(10000,)",torch.int64,cpu,80000,94676667738112,0,80000,,True,True
DirBridge,DirBridge.algorithm_state.count_sketch_sign[0],"(10000,)",torch.int8,cpu,10000,94676663688128,0,10000,,True,True
FADAS,FADAS.algorithm_state.fadas_m.weight,"(10000,)",torch.float32,cpu,40000,94676663495552,0,40000,,True,True
FADAS,FADAS.algorithm_state.fadas_v.weight,"(10000,)",torch.float32,cpu,40000,94676663550144,0,40000,,True,True
FADAS,FADAS.algorithm_state.fadas_vhat.weight,"(10000,)",torch.float32,cpu,40000,94676661443584,0,40000,,True,True
