dataset,method,seed,accuracy_rows,accuracy_all_finite,loss_nan_first_round,loss_nan_last_round,nan_loss_count,tail10_contains_nan_loss,parameter_finiteness,logit_finiteness,bn_buffer_finiteness,classification
femnist,DirBridge,2,500,true,,,,,,false,not_logged,not_logged,not_logged,no_logged_nan
femnist,CA2FL,2,500,true,,,,,,false,not_logged,not_logged,not_logged,no_logged_nan
femnist,FADAS,2,500,true,,,,,,false,not_logged,not_logged,not_logged,no_logged_nan
femnist,CA2FL,3,500,true,,,,,,false,not_logged,not_logged,not_logged,no_logged_nan
femnist,FedBuff,1,500,true,,,,,,false,not_logged,not_logged,not_logged,no_logged_nan
femnist,FedBuff,2,500,true,,,,,,false,not_logged,not_logged,not_logged,no_logged_nan
femnist,CASA,1,500,true,,,,,,false,not_logged,not_logged,not_logged,no_logged_nan
femnist,FADAS,3,500,true,,,,,,false,not_logged,not_logged,not_logged,no_logged_nan
femnist,CASA,2,500,true,,,,,,false,not_logged,not_logged,not_logged,no_logged_nan
femnist,FedBuffMALight,1,500,true,,,,,,false,not_logged,not_logged,not_logged,no_logged_nan
femnist,FedBuff,3,500,true,,,,,,false,not_logged,not_logged,not_logged,no_logged_nan
femnist,FedBuffMALight,2,500,true,,,,,,false,not_logged,not_logged,not_logged,no_logged_nan
femnist,CASA,3,500,true,,,,,,false,not_logged,not_logged,not_logged,no_logged_nan
femnist,FedASMU,1,500,true,,,,,,false,not_logged,not_logged,not_logged,no_logged_nan
femnist,FedASMU,2,500,true,,,,,,false,not_logged,not_logged,not_logged,no_logged_nan
femnist,DirBridge,2,500,true,,,,,,false,not_logged,not_logged,not_logged,no_logged_nan
femnist,DirBridge,3,500,true,,,,,,false,not_logged,not_logged,not_logged,no_logged_nan
femnist,FedBuffMALight,3,500,true,,,,,,false,not_logged,not_logged,not_logged,no_logged_nan
femnist,CA2FL,2,500,true,,,,,,false,not_logged,not_logged,not_logged,no_logged_nan
femnist,FedASMU,3,500,true,,,,,,false,not_logged,not_logged,not_logged,no_logged_nan
femnist,CA2FL,3,500,true,,,,,,false,not_logged,not_logged,not_logged,no_logged_nan
femnist,FADAS,2,500,true,,,,,,false,not_logged,not_logged,not_logged,no_logged_nan
femnist,FADAS,2,500,true,,,,,,false,not_logged,not_logged,not_logged,no_logged_nan
femnist,FADAS,3,500,true,,,,,,false,not_logged,not_logged,not_logged,no_logged_nan
femnist,FedBuff,2,500,true,,,,,,false,not_logged,not_logged,not_logged,no_logged_nan
femnist,FedBuff,3,500,true,,,,,,false,not_logged,not_logged,not_logged,no_logged_nan
femnist,CA2FL,4,500,true,,,,,,false,not_logged,not_logged,not_logged,no_logged_nan
femnist,FedBuff,2,500,true,,,,,,false,not_logged,not_logged,not_logged,no_logged_nan
femnist,CASA,2,500,true,,,,,,false,not_logged,not_logged,not_logged,no_logged_nan
femnist,FADAS,4,500,true,,,,,,false,not_logged,not_logged,not_logged,no_logged_nan
femnist,CASA,2,500,true,,,,,,false,not_logged,not_logged,not_logged,no_logged_nan
femnist,CASA,3,500,true,,,,,,false,not_logged,not_logged,not_logged,no_logged_nan
femnist,FedBuff,4,500,true,,,,,,false,not_logged,not_logged,not_logged,no_logged_nan
femnist,FedBuffMALight,2,500,true,,,,,,false,not_logged,not_logged,not_logged,no_logged_nan
femnist,FedBuffMALight,3,500,true,,,,,,false,not_logged,not_logged,not_logged,no_logged_nan
femnist,FedASMU,2,500,true,,,,,,false,not_logged,not_logged,not_logged,no_logged_nan
femnist,CASA,4,500,true,,,,,,false,not_logged,not_logged,not_logged,no_logged_nan
femnist,FedASMU,3,500,true,,,,,,false,not_logged,not_logged,not_logged,no_logged_nan
femnist,FedBuffMALight,4,500,true,,,,,,false,not_logged,not_logged,not_logged,no_logged_nan
femnist,DirBridge,3,500,true,,,,,,false,not_logged,not_logged,not_logged,no_logged_nan
femnist,DirBridge,4,500,true,,,,,,false,not_logged,not_logged,not_logged,no_logged_nan
femnist,FedASMU,4,500,true,,,,,,false,not_logged,not_logged,not_logged,no_logged_nan
femnist,CA2FL,4,500,true,,,,,,false,not_logged,not_logged,not_logged,no_logged_nan
femnist,DirBridge,5,500,true,,,,,,false,not_logged,not_logged,not_logged,no_logged_nan
femnist,FADAS,4,500,true,,,,,,false,not_logged,not_logged,not_logged,no_logged_nan
femnist,FedBuff,4,500,true,,,,,,false,not_logged,not_logged,not_logged,no_logged_nan
femnist,FedBuff,3,500,true,,,,,,false,not_logged,not_logged,not_logged,no_logged_nan
femnist,CA2FL,5,500,true,,,,,,false,not_logged,not_logged,not_logged,no_logged_nan
femnist,FADAS,5,500,true,,,,,,false,not_logged,not_logged,not_logged,no_logged_nan
femnist,CASA,3,500,true,,,,,,false,not_logged,not_logged,not_logged,no_logged_nan
femnist,CASA,4,500,true,,,,,,false,not_logged,not_logged,not_logged,no_logged_nan
femnist,FedBuffMALight,3,500,true,,,,,,false,not_logged,not_logged,not_logged,no_logged_nan
femnist,FedBuff,5,500,true,,,,,,false,not_logged,not_logged,not_logged,no_logged_nan
femnist,FedBuffMALight,4,500,true,,,,,,false,not_logged,not_logged,not_logged,no_logged_nan
femnist,FedASMU,3,500,true,,,,,,false,not_logged,not_logged,not_logged,no_logged_nan
femnist,CASA,5,500,true,,,,,,false,not_logged,not_logged,not_logged,no_logged_nan
femnist,FedASMU,4,500,true,,,,,,false,not_logged,not_logged,not_logged,no_logged_nan
femnist,FedBuffMALight,5,500,true,,,,,,false,not_logged,not_logged,not_logged,no_logged_nan
femnist,DirBridge,4,500,true,,,,,,false,not_logged,not_logged,not_logged,no_logged_nan
femnist,FedASMU,5,500,true,,,,,,false,not_logged,not_logged,not_logged,no_logged_nan
femnist,FADAS,4,500,true,,,,,,false,not_logged,not_logged,not_logged,no_logged_nan
femnist,FedBuff,4,500,true,,,,,,false,not_logged,not_logged,not_logged,no_logged_nan
femnist,CASA,4,500,true,,,,,,false,not_logged,not_logged,not_logged,no_logged_nan
femnist,FedBuffMALight,4,500,true,,,,,,false,not_logged,not_logged,not_logged,no_logged_nan
gspeech,DirBridge,1,500,true,2,19,13,false,not_logged,not_logged,not_logged,unresolved
gspeech,CA2FL,1,500,true,2,500,482,true,not_logged,not_logged,not_logged,unresolved
gspeech,FADAS,1,500,true,2,484,138,false,not_logged,not_logged,not_logged,unresolved
gspeech,FedBuff,1,500,true,2,500,439,true,not_logged,not_logged,not_logged,unresolved
gspeech,CASA,1,500,true,2,500,425,true,not_logged,not_logged,not_logged,unresolved
gspeech,FedBuffMALight,1,500,true,3,9,7,false,not_logged,not_logged,not_logged,unresolved
gspeech,FedASMU,1,500,true,,,,,,false,not_logged,not_logged,not_logged,no_logged_nan
gspeech,DirBridge,2,500,true,2,454,76,false,not_logged,not_logged,not_logged,unresolved
gspeech,CA2FL,2,500,true,2,500,494,true,not_logged,not_logged,not_logged,unresolved
gspeech,FADAS,2,500,true,2,500,445,true,not_logged,not_logged,not_logged,unresolved
gspeech,FedBuff,2,500,true,2,500,487,true,not_logged,not_logged,not_logged,unresolved
gspeech,CASA,2,500,true,2,500,488,true,not_logged,not_logged,not_logged,unresolved
gspeech,FedBuffMALight,2,500,true,,,,,,false,not_logged,not_logged,not_logged,no_logged_nan
gspeech,FedASMU,2,500,true,,,,,,false,not_logged,not_logged,not_logged,no_logged_nan
gspeech,DirBridge,3,500,true,2,18,11,false,not_logged,not_logged,not_logged,unresolved
gspeech,CA2FL,3,500,true,2,500,482,true,not_logged,not_logged,not_logged,unresolved
gspeech,FADAS,3,500,true,2,413,125,false,not_logged,not_logged,not_logged,unresolved
gspeech,FedBuff,3,500,true,2,500,453,true,not_logged,not_logged,not_logged,unresolved
gspeech,CASA,3,500,true,2,500,431,true,not_logged,not_logged,not_logged,unresolved
gspeech,FedBuffMALight,3,500,true,3,14,12,false,not_logged,not_logged,not_logged,unresolved
gspeech,FedASMU,3,500,true,,,,,,false,not_logged,not_logged,not_logged,no_logged_nan
gspeech,DirBridge,4,500,true,2,458,111,false,not_logged,not_logged,not_logged,unresolved
gspeech,CA2FL,4,500,true,2,500,497,true,not_logged,not_logged,not_logged,unresolved
gspeech,FADAS,4,500,true,2,174,74,false,not_logged,not_logged,not_logged,unresolved
gspeech,FedBuff,4,500,true,2,500,480,true,not_logged,not_logged,not_logged,unresolved
gspeech,CASA,4,500,true,2,500,482,true,not_logged,not_logged,not_logged,unresolved
gspeech,FedBuffMALight,4,500,true,,,,,,false,not_logged,not_logged,not_logged,no_logged_nan
gspeech,FedASMU,4,500,true,,,,,,false,not_logged,not_logged,not_logged,no_logged_nan
gspeech,DirBridge,5,500,true,2,408,52,false,not_logged,not_logged,not_logged,unresolved
gspeech,CA2FL,5,500,true,2,500,494,true,not_logged,not_logged,not_logged,unresolved
gspeech,FADAS,5,500,true,2,500,411,true,not_logged,not_logged,not_logged,unresolved
gspeech,FedBuff,5,500,true,2,500,482,true,not_logged,not_logged,not_logged,unresolved
gspeech,CASA,5,500,true,2,500,481,true,not_logged,not_logged,not_logged,unresolved
gspeech,FedBuffMALight,5,500,true,,,,,,false,not_logged,not_logged,not_logged,no_logged_nan
gspeech,FedASMU,5,500,true,,,,,,false,not_logged,not_logged,not_logged,no_logged_nan
